feature,importance
kd,0.2361486984710245
deaths,0.21509270798605593
hs_pct,0.14803234082610126
kills,0.12514884688710698
assists,0.12252725077660934
hour,0.10538580376208576
match_in_session,0.04766435129101636
